{
  "project_info": {
    "project_number": "881323081425",
    "firebase_url": "https://tut-50e77.firebaseio.com",
    "project_id": "tut-50e77",
    "storage_bucket": "tut-50e77.appspot.com"
  },
  "client": [
    {
      "client_info": {
        "mobilesdk_app_id": "1:881323081425:android:f0f82f4a686c0f211a8ff0",
        "android_client_info": {
          "package_name": "com.roshan.iotbulbcontroller"
        }
      },
      "oauth_client": [
        {
          "client_id": "881323081425-6im9nnn2bqlh9s1lj71hulo4fc7a2m8l.apps.googleusercontent.com",
          "client_type": 1,
          "android_info": {
            "package_name": "com.roshan.iotbulbcontroller",
            "certificate_hash": "bea9a86eeb2ed46e716560ea82f912c23c64e124"
          }
        },
        {
          "client_id": "881323081425-so4551nrhqi11td1gab9kffnqd6g692f.apps.googleusercontent.com",
          "client_type": 3
        }
      ],
      "api_key": [
        {
          "current_key": "AIzaSyB-QyOc1Hzz6CW974XXbwyA0k-bFOPSURE"
        }
      ],
      "services": {
        "appinvite_service": {
          "other_platform_oauth_client": [
            {
              "client_id": "881323081425-so4551nrhqi11td1gab9kffnqd6g692f.apps.googleusercontent.com",
              "client_type": 3
            }
          ]
        }
      }
    }
  ],
  "configuration_version": "1"
}